-- phpMyAdmin SQL Dump
-- version 5.0.1
-- https://www.phpmyadmin.net/
--
-- Servidor: 127.0.0.1
-- Tiempo de generación: 24-04-2021 a las 18:42:04
-- Versión del servidor: 10.4.11-MariaDB
-- Versión de PHP: 7.4.1

SET SQL_MODE = "NO_AUTO_VALUE_ON_ZERO";
SET AUTOCOMMIT = 0;
START TRANSACTION;
SET time_zone = "+00:00";


/*!40101 SET @OLD_CHARACTER_SET_CLIENT=@@CHARACTER_SET_CLIENT */;
/*!40101 SET @OLD_CHARACTER_SET_RESULTS=@@CHARACTER_SET_RESULTS */;
/*!40101 SET @OLD_COLLATION_CONNECTION=@@COLLATION_CONNECTION */;
/*!40101 SET NAMES utf8mb4 */;

--
-- Base de datos: `keysbank_develop`
--

-- --------------------------------------------------------

--
-- Estructura de tabla para la tabla `keysbank_accounts`
--

CREATE TABLE `keysbank_accounts` (
  `id` int(11) NOT NULL,
  `idUser` int(11) NOT NULL,
  `idCategory` int(11) NOT NULL,
  `name_account` varchar(255) COLLATE utf8_spanish_ci NOT NULL,
  `pass_account` varchar(255) COLLATE utf8_spanish_ci NOT NULL,
  `pass_date` date NOT NULL,
  `name_platform` varchar(30) COLLATE utf8_spanish_ci NOT NULL,
  `url` varchar(255) COLLATE utf8_spanish_ci NOT NULL,
  `info` text COLLATE utf8_spanish_ci NOT NULL,
  `notes` text COLLATE utf8_spanish_ci NOT NULL
) ENGINE=InnoDB DEFAULT CHARSET=utf8 COLLATE=utf8_spanish_ci;

--
-- Volcado de datos para la tabla `keysbank_accounts`
--

INSERT INTO `keysbank_accounts` (`id`, `idUser`, `idCategory`, `name_account`, `pass_account`, `pass_date`, `name_platform`, `url`, `info`, `notes`) VALUES
(1, 7, 6, 'BB503EB57F74819983BDD31D61E00F58BAD3A02C36F8586096D0809BADAC5E8D', 'AF76FC9B85EA9846F3EE00CC0A677A437BBB7C37509B8949352CEC84D1301587', '2021-01-01', 'PayPal', '', '', ''),
(2, 7, 2, 'BF045988C7D53E5AD88D275BF4B2AD56', '8E6650E0894EF4EBB82665D9AADA3D05', '2021-01-01', 'Steam', '044F8E3F874F38FC43EE3F49ED6E53B2', '044F8E3F874F38FC43EE3F49ED6E53B2', '044F8E3F874F38FC43EE3F49ED6E53B2'),
(3, 7, 2, 'AF56D88AB6B98728348AD4EE3E143398145881DBEE35D20E39A88C216B9918E3', '2ADFCCA058080A5977EE2D5C0CB46FAD044F8E3F874F38FC43EE3F49ED6E53B2', '2021-01-01', 'Amazon Prime', '044F8E3F874F38FC43EE3F49ED6E53B2', '044F8E3F874F38FC43EE3F49ED6E53B2', '044F8E3F874F38FC43EE3F49ED6E53B2'),
(5, 7, 4, '834FA7C176C41479F95B0259B537C53C', 'EF35615C03142FB990B1BB01940C14D97A8D3FE16D85394D4BCDDC884E592F86', '2021-01-01', 'Gmail', '', '', ''),
(6, 7, 5, 'A175B1F899C340C5868DCAAE85251BC6', '8DC6966E0CB9765BB19202A0E3264AFF0CB8772ED54033A390D981DAF4266A6A', '2021-01-06', 'Windows 10', 'EE47725E26509351084ADA06D9B25A0A', '3976F9B1431AB3D77F22C2843D57646C', 'E9870A1956325666160ED64C7B139073'),
(8, 7, 4, '706F1691E64D335EA4C3AAD62270062A14791F887645B5501A30522E498BCD00', '47FB46389A06199235B70965E7428BC8028BA011AD6D8FE372247DFFB44EFC8FFAE1B33785358DADF2AC337690E61409', '2021-04-24', 'Gmail', 'FAE1B33785358DADF2AC337690E61409', 'FAE1B33785358DADF2AC337690E61409', 'A7871DFC8D4A2CF040AAD654771D6FF2FAE1B33785358DADF2AC337690E61409'),
(10, 7, 5, '97F1D4BD000D3D55DC4C7B50E277C851', '195BF544B3833D99A2F98A37C4034533EACB76367A5172EEFF43C42F1FA16CF9', '2021-02-10', 'KDE Neon', 'EE47725E26509351084ADA06D9B25A0A', '49B8274DFBE900C35C6ADCD440F41E5E', '56406A9589588545866E4BE84E606187'),
(12, 7, 4, '61702DE26024C63ECC7B3ADFBA6FD47C40ABEC950933FE51A7BD760C91ADD9CB', 'DC503A413A1D6D509F44FA34D31FF027FAE1B33785358DADF2AC337690E61409', '2021-02-22', 'Gmail', 'FAE1B33785358DADF2AC337690E61409', 'FAE1B33785358DADF2AC337690E61409', 'FA82082566A4267E2B87EA45021C137C915AEC445FF6FC2DB9D00C222BC46867BF1C734D0B412F8C6ACA4DEBBE88D012'),
(13, 7, 5, '58C292D5F7C3AD9281ACA0590A1EE248', '3DFB314FC265B1B625F38C92FEF993A449B8274DFBE900C35C6ADCD440F41E5E', '2021-02-23', 'Arch Linux', '49B8274DFBE900C35C6ADCD440F41E5E', '49B8274DFBE900C35C6ADCD440F41E5E', 'FD472791D35DEDCB57079623C4F8D5DAAB0D359F66305F7841CCF27A22936977'),
(19, 7, 4, '094CA2A4A391AFC49C7BA4B6F844848E', 'AB66E5A9FFEBAD5AEE178EEA66C204F6BEEE1A0AFF814FDDC09AC0BE127F4024', '2021-03-02', 'Hotmail', 'FAE1B33785358DADF2AC337690E61409', '6C4092FC8E47F612ECEBFC108AEDEA5396B86681C8417E05E616CAC9C7AAA65A2318D376955A9FB56A7A853CB9154D8AE5FD54298240812C18CE2D1905D2CDAF61F7C0134837DA0F55B2B5F6F97355D5EA60B3D89BEC9DBBFFB23D0CE5EA1531358B84687A367CBE88065100CE7D3F5B43570655DB4D49A7C916BE4673EF6582F0DD685B11B984339F5DCF2023D8BFEDDF7065AA0ACF79FAD407CBCD1CFBF2FC547E606FE4E40330BDB9028FABA8F65C776DF520120CE225BECA8EF788F38BDD0E942C35BF66A2CF6444394B7B8478A9933E7F9CE387A6CE257DD590824E80A26DB62127183FD849A2A65532ABFF92F1522C1596FD5CE18DED2F810BA3A7FDD8', 'FAE1B33785358DADF2AC337690E61409'),
(20, 7, 1, 'A7326688664CDCC71206C6BEEF143A1DB84A493612CA45154B959C84AA8DCECF', '2365D686E09253DB75C582D17B37F9E1AE66DD30ADF22552CD2211FF658AB891868C18F53E4A38F026302873193D1744B52CFBBB78E2A75E80E3786BA2F21E68B84A493612CA45154B959C84AA8DCECF', '2021-03-04', 'Twitter', '65E3E41F151D19BF096FA876469E40A138165E2CDDEE89F40E5E4928278E6DCC', '001F9D71DBBCD33AB4912D1F67566C78F391603A48D901441767993272EE8CCF334850A1F2EF1B3C9BCB88C2295DCA605166E37195E9354C85BEFE2BA6AE217675694F834F00D65E70F7DD0DD2545CA296A33F61B85AE16A26E448D3249BAC6E791CCF81C6007779D3B06B03DCDD9F10', 'FD239A00F2631C1DAC81530CD18D9763BC530FD6BBC0529EA28868E4A1FC78292F6AF7E3625C4A8CADC1E82A7A6C6E72'),
(24, 7, 2, '6C08DCA074D27957B3E977F46E3DC121', '405035CC2ABAA317A9E4A59C97CA9ABCD3EBB17C3A6A6356B3A8B0F0E02FB73B', '2021-03-08', 'Steam', '044F8E3F874F38FC43EE3F49ED6E53B2', '044F8E3F874F38FC43EE3F49ED6E53B2', '044F8E3F874F38FC43EE3F49ED6E53B2'),
(27, 7, 4, '21E56A3327E7590C45F51C1498F8F9B8425C1FCAC23D18CD0CD0A99E6BB97A11', 'D8E67204847552B953C17A9135CDF7C98BFFDBF3C9E4AB165A45A1C304ECE3C7', '2021-03-14', 'Gmail', 'FAE1B33785358DADF2AC337690E61409', 'FAE1B33785358DADF2AC337690E61409', '6C4092FC8E47F612ECEBFC108AEDEA5396B86681C8417E05E616CAC9C7AAA65A2318D376955A9FB56A7A853CB9154D8A5DFD18D990F0D7999361545106D59BC600B97D5986A082EC0FAE68EA63F8C92D692AD8FB33AA148DE51D72125EC0ABB49529E826817DF02BB4E87ECB6D87931B584FFCF96DABEB4C3B725F3C04C52D4BFD56A041C5C0241AE5F3E042223AC1DE44F6493B1709110C8F77D5FEB1AC7530F2AA85C2A8EC6142DA39ADB11A7A5B1CD65697736E735155B619D6B9885F59337ACDAEC990FE5F67BD18BDFBC7B5E201F16DF4FACB103CC4EB7ACB5FC27D91DE8BA1EE842DCED6482CACECBDA0547705'),
(28, 7, 5, 'D7E09A602D20C6A0BF45506DF458D8D7', '51FC3CD6E9518B8E5932B7267E9EC7084B9A3E73DFBF5AB0623B3E61124EA263', '2021-03-14', 'Windows 10', '49B8274DFBE900C35C6ADCD440F41E5E', '49B8274DFBE900C35C6ADCD440F41E5E', '3152B1F824328144B073C4902E79F7C0F5DC0B690F2BA525EC4F4210C1F847714C6CE34DB9C47C1963AB393C4065D68B519A925B449E012697E6259FA6BEA9221C8E21F8B07903EA0691E2D53F1356E6C4F7C8D902F4FF187BF250DEDA0D0292A9379A39049367BCE2F5123AD1F85FAAED0A7F5A1DFFD690C5359846364B213924A12124E147CBEB12ABFF4B0D8AD46D24292E6C013F3BB0D85A550B4CAF40D0AD49411801E9D3031E002ECDADFE5F63BECCE821FB6EABC16B8945C864A7FB4547E8EFB9DD4F03809D7E17F1E17E9294A15B7CB9D427A2F414F23BEB707C17730B0D8A9CA6A8F9C98D39EC15A420B9649AB2D3FCA896FB6A70FCA7A3B59F295E'),
(29, 7, 2, 'C4899A1D0A952428CD4D2C685937A72A', '55C77E2CDFF374F79DD6D9DAB32912B836F61E641FB82F42E48A760A76EA3EEA044F8E3F874F38FC43EE3F49ED6E53B2', '2021-03-15', 'Netflix', '044F8E3F874F38FC43EE3F49ED6E53B2', '550F26DED3E8EBBA036BA9E074E7D9CBFE4ADEC3054C0518B9D52F1DEA2FEB80', '953FFA111067DE2297A42F2ABB2237C89E8C019AC76A6E4FEF61F3E6768A967C'),
(30, 7, 1, '38B3E8A6A5D36799FEFF532B18AD5AA4C4E2F8EE5A9A1D641F38E9B86E151123', 'E1CD44D099BBF03A217F599CC06AEE1F82B26737F2128ECC84D75835D5648E0DFD999421179A35400721249AB9B50467DB67596886A70E2684F6FBDC6CFE7C58B84A493612CA45154B959C84AA8DCECF', '2021-04-24', 'GitHub', 'B84A493612CA45154B959C84AA8DCECF', 'B84A493612CA45154B959C84AA8DCECF', 'AEC4A1222F906B07615B8C12C884E25A5767598CE64BC771CC374C7BE17687C6956497FD0317B7A781961EB70CE8FADDEB93A176C350E6793F120E7B98441FA2'),
(31, 7, 5, '2DC3B0BC087252C1A85429212D70162149B8274DFBE900C35C6ADCD440F41E5E', '2573658B421CFAFDAB495A59CD17DF5C49B8274DFBE900C35C6ADCD440F41E5E', '2021-04-10', 'MAC OS', '49B8274DFBE900C35C6ADCD440F41E5E', '49B8274DFBE900C35C6ADCD440F41E5E', '49B8274DFBE900C35C6ADCD440F41E5E'),
(33, 8, 2, '5121AC7A76A6C3F86BFB33F83550F8ED', '52F08EA250354124D7A4EB21C2FF39842018634661FEBB97EB0720F3CFE5C32C', '2021-04-10', 'Twitch', 'D8FA30A4799ECB9923E1A629F34245CE', 'D8FA30A4799ECB9923E1A629F34245CE', '0936055ECB3E53D14C75AB4548E5E4A4C3AE8F184876075A51B05A8CE26E01EF'),
(44, 7, 1, '0E1A9F191D39F767524861B60DF69E1AA9F9555BB5DD5A0D2F7E37D1DDCAD6E6', 'E2146FEA8F5B1A76D15BFE8680B32EF63CB35BBF8DF03561A05CF75AFBDD05C5', '2021-04-17', 'Blogger', '6F54F48EDC808575ADE9BA29D10D6923FFBDC35FA26BC4610DE05992CCA27782', '196C07E1BADFB57F4072A663BDC8D1DD469E83351F2A31227F8D0926E2747FB713CC35762FBC0D2F8D20C6839E0A2DCF9B696666D271616673391D824D9B12D1FBB2D9FA6C54E3865660B25BA8AE99BBA8C03C41925280746E9304733A4A1526D3019BB5207ECA8C633D9CBDC686A7C5DEE872094BD7CAA940AD09186BEC3B1D642E2BF88ABB16A23C20A82EF97A01B5', '196C07E1BADFB57F4072A663BDC8D1DD469E83351F2A31227F8D0926E2747FB713CC35762FBC0D2F8D20C6839E0A2DCF9B696666D271616673391D824D9B12D1FBB2D9FA6C54E3865660B25BA8AE99BBA8C03C41925280746E9304733A4A1526D3019BB5207ECA8C633D9CBDC686A7C5DEE872094BD7CAA940AD09186BEC3B1D642E2BF88ABB16A23C20A82EF97A01B5'),
(45, 7, 1, '12BB30604220CB68C0E9D8FE87126BB4B84A493612CA45154B959C84AA8DCECF', 'E3180A523BAE205985C23710CBED5036C461F82BE7CECF41DBA45CA8DC24AA9CD9FBF51A40E62E2B38FD806429158A7784D956241F8D2D5E682D1780F0507B8FB84A493612CA45154B959C84AA8DCECF', '2021-04-18', 'Medium', 'B84A493612CA45154B959C84AA8DCECF', '4A4BEED438FA712580182AC40CBE86BCE4F3E3BE48FFD0E12ABAA51AB61879A4', '4A4BEED438FA712580182AC40CBE86BCE4F3E3BE48FFD0E12ABAA51AB61879A4'),
(48, 7, 5, '208538916864B8C9C4B5BB74557E6EB5', '146C74E0245EAF4707B4A63F08F3A495ACA5FEB5C08762730857FDF429996050', '2021-04-18', 'Debian', '49B8274DFBE900C35C6ADCD440F41E5E', '49B8274DFBE900C35C6ADCD440F41E5E', '49B8274DFBE900C35C6ADCD440F41E5E'),
(49, 7, 5, 'D7E09A602D20C6A0BF45506DF458D8D7', '42F435166BB5489C06A079697BDBC7308B1F2A670ADC700DA4DA93B85193897D', '2021-04-18', 'Fedora', '49B8274DFBE900C35C6ADCD440F41E5E', '49B8274DFBE900C35C6ADCD440F41E5E', '49B8274DFBE900C35C6ADCD440F41E5E'),
(50, 7, 5, 'D7E09A602D20C6A0BF45506DF458D8D7', 'AEC773F2ED362EFE3F537E5BB63948050BCDF3EB50CB03A60CA8A5C065848A1E', '2021-04-18', 'Free BSD', '49B8274DFBE900C35C6ADCD440F41E5E', '49B8274DFBE900C35C6ADCD440F41E5E', '49B8274DFBE900C35C6ADCD440F41E5E'),
(51, 7, 5, 'D7E09A602D20C6A0BF45506DF458D8D7', 'A491B30E772FA72CBD22AEF184F0EA8DB3087867885D294FF2336F1B42E73E76', '2021-04-18', 'Kubuntu', '49B8274DFBE900C35C6ADCD440F41E5E', '49B8274DFBE900C35C6ADCD440F41E5E', '49B8274DFBE900C35C6ADCD440F41E5E'),
(52, 7, 5, '619071F0BD39FB4A8C8FE9CD339E2AF2', 'DBB9CDCB0887DDE8E4218FDE8D6525A53445F1DA98C7412E4FAB17607F1AF92E49B8274DFBE900C35C6ADCD440F41E5E', '2021-04-18', 'CentOS', '49B8274DFBE900C35C6ADCD440F41E5E', '49B8274DFBE900C35C6ADCD440F41E5E', '49B8274DFBE900C35C6ADCD440F41E5E'),
(53, 7, 5, '208538916864B8C9C4B5BB74557E6EB5', '2C8B0077D084C9394B2DB8EDF35F96AE1548CD9D8B1CF8D75222F3A0E9DDEE91', '2021-04-18', 'Linux Mint', '49B8274DFBE900C35C6ADCD440F41E5E', '49B8274DFBE900C35C6ADCD440F41E5E', '49B8274DFBE900C35C6ADCD440F41E5E'),
(54, 7, 5, 'D7E09A602D20C6A0BF45506DF458D8D7', 'B98E362D80550C1551567D6F5FCAA3A12A12AC0ED072A47E43DBB791A89A34E9', '2021-04-18', 'Mandriva', '49B8274DFBE900C35C6ADCD440F41E5E', '49B8274DFBE900C35C6ADCD440F41E5E', '49B8274DFBE900C35C6ADCD440F41E5E'),
(55, 7, 5, 'D7E09A602D20C6A0BF45506DF458D8D7', '4346CA3A9F22A801A79915993CADDC1BC6427BF2C34590A2B5456714B8DBEDC3', '2021-04-18', 'Open SUSE', '49B8274DFBE900C35C6ADCD440F41E5E', '49B8274DFBE900C35C6ADCD440F41E5E', '49B8274DFBE900C35C6ADCD440F41E5E'),
(56, 7, 5, 'D7E09A602D20C6A0BF45506DF458D8D7', '492FEC3860D41182AA84607A58B5C59F169CF8AE773B6DA0D5C6D3AE893F3326', '2021-04-18', 'Red Hat', '49B8274DFBE900C35C6ADCD440F41E5E', '49B8274DFBE900C35C6ADCD440F41E5E', '49B8274DFBE900C35C6ADCD440F41E5E'),
(57, 7, 5, 'D7E09A602D20C6A0BF45506DF458D8D7', '6D708292F16090324CF13EB3D4D9AE9FCBA2071E62B3F698EC1D9056B8183078', '2021-04-18', 'Ubuntu', '49B8274DFBE900C35C6ADCD440F41E5E', '49B8274DFBE900C35C6ADCD440F41E5E', '49B8274DFBE900C35C6ADCD440F41E5E'),
(58, 7, 5, 'D7E09A602D20C6A0BF45506DF458D8D7', '1484CF26B655814B560A0EAD242E13C78452404E72C1AB10A2970438EA4E021E', '2021-04-18', 'Xubuntu', '49B8274DFBE900C35C6ADCD440F41E5E', '49B8274DFBE900C35C6ADCD440F41E5E', '49B8274DFBE900C35C6ADCD440F41E5E'),
(59, 7, 5, 'D7E09A602D20C6A0BF45506DF458D8D7', 'B5D9E3E86B125A6F29ED955D9D2DBD45AD6254CCD7465FECB82CE66959C38F6B', '2021-04-18', 'Kali Linux', '49B8274DFBE900C35C6ADCD440F41E5E', '49B8274DFBE900C35C6ADCD440F41E5E', '49B8274DFBE900C35C6ADCD440F41E5E'),
(67, 7, 1, '63AA31C6FF8A96E0041ABB3951C909EB', '48CCAAF30B411A1729950F6F7B35452CE6EE574CD20CC27F473A1ECC3416ED58', '2021-04-24', 'Instagram', 'B84A493612CA45154B959C84AA8DCECF', '1CEB0F3FBABA0FC200A5CFAF1E943D0DAE369B2F40D4C1DE4A5989E9992AAF86FB7022DD481985EA30CBCE42E1254B4B995A58FD7D75ECB74B900FC59D11923A9C47ECE3C868962AA7AB027583B360B1EB27F1DE8C05AC31CCB0076B0B59032DFE666BC6103718F18E855663B3542964', '1CEB0F3FBABA0FC200A5CFAF1E943D0DAE369B2F40D4C1DE4A5989E9992AAF86FB7022DD481985EA30CBCE42E1254B4B995A58FD7D75ECB74B900FC59D11923A9C47ECE3C868962AA7AB027583B360B1EB27F1DE8C05AC31CCB0076B0B59032DFE666BC6103718F18E855663B3542964'),
(68, 7, 2, '3206B7678D51FEE080EE7C947E6489BD', 'A3F1DF98792D01BF08CFDC26B7592E675E11FC431B79149A58BCBD277933DA26044F8E3F874F38FC43EE3F49ED6E53B2', '2021-04-24', 'Amazon Prime', '044F8E3F874F38FC43EE3F49ED6E53B2', '044F8E3F874F38FC43EE3F49ED6E53B2', 'BE01C6BEC9F827C25F86EA63CEE39C15');

--
-- Disparadores `keysbank_accounts`
--
DELIMITER $$
CREATE TRIGGER `updateDatePassword` BEFORE UPDATE ON `keysbank_accounts` FOR EACH ROW BEGIN
IF NEW.pass_account != OLD.pass_account THEN
SET NEW.pass_date = CURDATE();
END IF;
END
$$
DELIMITER ;

-- --------------------------------------------------------

--
-- Estructura de tabla para la tabla `keysbank_keys`
--

CREATE TABLE `keysbank_keys` (
  `id` int(11) NOT NULL,
  `idUser` int(11) NOT NULL,
  `idCategory` int(11) NOT NULL,
  `password` varchar(255) COLLATE utf8_spanish_ci NOT NULL
) ENGINE=InnoDB DEFAULT CHARSET=utf8 COLLATE=utf8_spanish_ci;

--
-- Volcado de datos para la tabla `keysbank_keys`
--

INSERT INTO `keysbank_keys` (`id`, `idUser`, `idCategory`, `password`) VALUES
(1, 1, 0, '67DE07ED295B217BF7DA1445982ECB26A121853AB7C1694790E2FADECEB27D0DE28D5D348539F55909B6E8A6A814194FB8FF2492AE86B70810090900DDD17CAFFAE130EDA99CB20DD75BF5CBB76F609D9D0EF88FB98E78DE4693B5498EFA5C8F2AE43140FD553F6AB242D5D76CF6E9EFAF147CF3871C3D8D930535CF3105EA9'),
(26, 7, 0, '48BDCF0756D59369C9B3EC117754AEC2A033A8DA658CDAD70EA398595D681236B832DA2648A434EC1D7FA6CC2B7CC98999BD8EF0FEFA8C66C6C2A53E7816CC1AC4EBE8E8E08B0002505053DFA02A3259D595732838F692C7D6853F922CE7B03F1E4B83085B27D881683F5E90B26CC832B267CB69112A37A34689052AF304ADD'),
(27, 7, 1, '8C14F2B86D4ADD63B51AABEE59DCB0A410DA91C3C1BEE3C99EAFA2EC0497794AF73F4962ABB1FABD83FC0801F5C2F41A9501950379CB771C625D8CB6981B7617D9B561F7B78AF0A5947712E88393A31F018289EBFB98A6697AD233BCFEF84B22BCBD791D2EAFACFE2FB2086B58758B9C805FCFB8651F0025BF1C51AE86F6D3D'),
(28, 7, 2, 'FAF7B49395823D964F3032DA1C35F60FEC21F86F427701A1D232D04283B35B8FB9623CC3D11B0C4B987C57F7C9D82511943DD951BCA6B0721EF7FE15B4E3D24535ACD442ECE64240DE5720DB18FB109B515B55DBAB195EF5915992D0C123BA57866E61803746D5F8571A31BCC599EA2BDEF80BB517FF81D7D29332A91808EAA'),
(29, 7, 3, 'B445045F2F14331E2EF3CA14A80B1B1CCFFFF9DC72DF5C65D88CAD468AFD65BC2CD130D4E8C667239DF57137C8A50EA922173CC37C18F2E2184B1B40573588FCA7CBA4B4F840F249BD64AACC17FFCCCD5EF56C3A218290203033EA136E9887329CAEF66585D0D8477FAC492B75C8D8C8B88AC28373A688ED2457222A4BB2BB2'),
(30, 7, 4, '06FF45960D2C2FCBE9D1B2D5F28D7133E77D635D1E94AE2A9B0F0FB341830E39BDF94FD3D573B6BC9869093F66C0B1F844C28A2B0F94134E008ED752A079CBE3E988C20DDD72FE8B86F7DFBACB48D7700BEC136FFEA675BBFECF67E932ABF3C9B4FF9E75779566A42CA735029E54D647562A6D08537BADB742FD3A1B3929984'),
(31, 7, 5, '5D4A63041967243D129D4DC5250FDDA243C3C24C32D5100F58C4BB640E8A4724861C5B6B903B570674FC9D98FEFC5A9AEE0C43EAB017B650EF1C067F9D85B35A1C2171D47D798BA4A63EEFA25C4BAC42A654F58D54FD9D6F775A9FA0CABA9DF8B5972F8A341C35C3522BA9D1F15C944FAC0CC224C737AAA2AE4D207AA11A05A'),
(32, 7, 6, 'DC1BA45A5793A21A80BBFC8B910DFA41B5F39780F2A207A4E824449721B19680AFC3A94F7F6CB7D868CD3AB476D3096ED28587E6271C6412EF08C20869608FB8A2A0C6DA04AF56E985D10149F6B1E6C14E9EB9101C684C4A1DBC5BEB2F45113D01C472725FC286A331D93D2C814B28EFC6EDC08AFD6071870186048F7A0ADBC'),
(33, 8, 0, '091833A9E87DCA84E605F86CC79F01370BC6A53D4B2041605F1C1880190FEF32A34C1C4B30D3C335ED9F8BEAB250137FECAAE0F557D0CF1431BCB8C097362789079BB5AB4C3F16E03745CFFC2AC3900196AE02204CB90C1193CD2DCC7ADC44AEB085B0BDC89A322BF00DAAE19C905B91E7EBD5A249B66A25848921B6A524A48'),
(34, 8, 1, 'F008566916B13466B87C92CA79FD8BFE0FDE3E0F0B0ED65CB24C6E71F552BA64B9E083333592A215F9B1E1E1318B6190B75DE6E2F95508ECCB445C9C122F62D38CA565F621AEB5E618F1B21AA8C8B32A9E00ED199CF0972BC42390F05C2787E99B6B820E33B254B832BBB27B6BE2551826EC1EBF42B7DE06E0A1B19DC249233'),
(35, 8, 2, '61EB5485D5C253699C166C2F1A0E27288B53D8212D92E6CC75884EA6BC531224B3D9D2EC6437ACADD6DE83BC58209526363F180A98887E87E5350EA494C2462F7EE0375217A4CEBD78F8D7E5186D896AF97C8C6B4D6393A19230661DD5ADC841360D395169C3BFAF0B3E7B18F23FAC022A29778803EAAE67D1BC8F1CDD83F4C'),
(36, 8, 3, 'CC707388167AA72DD21FA146C031E3AAF570678CC67CF2830B241C9A31992F77C8184EACB57901A83FDC681DDD2474EBD6A4A3C7945A2D21810B3C461CEF6933A57A102712218EAB64D2C5748906E9C77E70B2526F5C1681C9978CF9A6F43005C65D68B37C409C89C8D7BEDF757E87DB7B798F91502FB7B2E25407203CD9686'),
(37, 8, 4, '5EFEADCF5F9642F0D4BA872DA40E2D7B22FBF03900BE2E6EFCAC6DECFAF4EC3CE770B3C1186B3D489F2594042F59C129250D301BAF8397245E20CB13C48DF0E5B1F23D6F98E7D3ED71FA934D5E56A1D6A1D428F0C59DAE81061E8070DAB2C5B36FF31F40E27C0D33D05FCB6404D6055A3DB273CFE2BD601012CBB1024A9D1EC'),
(38, 8, 5, '61D75AC637E39BEC80356DD1450B30C836658A00F98344EE967DE7BA26E0ABD8F37E74CECEA0ADEB9EAE8B8A718B2B21D4000C17EE0BF804DDDDCAB07238B402430ACFA38A860689E34F00E2BDCED874286B9390D6FB73EB0990108138F94E7B2082BB74B62F161908D82F83EC08076FB47EA0174050D82397DB8A660717E6B'),
(39, 8, 6, '0E4051074082E1724B55A890F72ECE59DC4377340898488DC203D91E9E81D4C3B126512D76FB11D2AAF7CDFA9177516EDCC6D3243C93EAC044C3F60D3D339B37598442AF47989133C180D5A9F9F5B069AEE9D57CFEA18E51EDC8C1867C3CDEB3FD76470DE0C3E78C5CBDD4F16D074B6B97F4D51C2AEB97A32E0CCEF7AAE078C'),
(40, 9, 0, '3FEB4E8E620FE88B489074DE311CE216446C704D186A900CDBD44CCBD15E15FD405D6F6E2D0D53907DE4662572EFA8AC43F1AE3E3CCE03762F2114C1BA04341060C31BD843C5BD033D4D36FA33CFB9FD97C36C7F16BE6A1CA7CC3A85D25181FAC27B94E6DF54ADA81600F23E494D1B9BB6E76EF72C2192BDFCBEB2D527BF6F0'),
(41, 9, 1, '32A2C8C3B882194DF05C57FBDD248912E79480C3CB67E0CA4C1549047E89C2B4DE3D2993915D2B93C98C3409C14B50270AE4C7E3FFA09A65E6DEA0EE9B0B6D909813E9A7E5464A4F197F1A9B67010254E5C6CA7F8468A8046C363A9FE7A850028589E47147ACA4E26A9063649BD0378C3213495D394B0371032DABB34F28A7C'),
(42, 9, 2, '0715118422A657D93DE869E193EA8F965D439A3D1B72D57F2FE937DFC5EB3EC5AC7624C65BB214A01EA2F666317009FB19218F0F8D1474D1619528F7E6C781AF226D5187233293DCEEA7F24FA5BE0734A749F40ED5E4B7778D041D85584C61466E99B24940F4C52BF63C831ED235EEBDFCAE25555ACCCAC35068CC23CE51C3C'),
(43, 9, 3, '7CFD68ADEADC18D81F953DFBBF7E03D61DC3E774FD737A48E7310455721392E9A21C427E26CC2A7559AAD28E7D75DCD410B61D258B577F6CC0FD76C201C678FF347C6096AE6C1D8CF4FDA7ABE73EE8E1649874D62BA9A063C7C57F48F6887B156BC383FA3E1FAB0D8B9C98B0ADD311F8AE9933E79431B9FF266A542875890F2'),
(44, 9, 4, 'D53F2FAED97FEB25B921229130D82DAD2D83F30F33010E3ADC8647197B4035C49581B73887AB76CE46E463206F0995FFAEB032B74B824A99102C5D27873A1FCB23BB1B7667B442D10E0E104FA6B61888C11C6A23FEBE84236DEFDF942E7DE92C94BDAA3F4F02A997F020E403ED28E64E9F00C6E0B9330A44A2CF29E4B0D6080'),
(45, 9, 5, '3E0159B7D49C6D5D5B16DC71BC259172F798D61473AE631F596FE140DF06385DA385FC4E9A942653D965A788FBBE471E2D8C02B851D49FA3D87D0F4CC1120FBA96CB8BCA51FCA5486DFBE44C0F6CF332C6D16F54EA2E8BA6EF17371BDC86010BAFD5974FC1F2B039C4BB2DA2BD2CA9C446F9607FC49A597E4120E70EE37DC53'),
(46, 9, 6, '41C91BE822AA350E2EDD0CC473F1BB05066F20525B31E3D64227BDC02C17EF69495192A8E007440604767D29BD0A24D0518028483FF8F34D826701DB367F94DF237DAE606FD5A44A91E39223FF4567B849B076FCEDA226118D6A8577E13C097A2741B5FBE81E4C4E6FF8CA12E385636BB07D18CCAC4FB7F091E3B0708299887'),
(47, 10, 0, '94425631099A9AAAD31FF897EC9C59CFF217A7ED7FD75494C0BD1A05D0711EAD3A4EE4193BEFC27625CCE3DC50CC4C7481E5E727F079E800DE65B702797BDAC2394FF242C000635BD1C498048BC41C618E6E368E855C80D87D77DC1DC5FE8B101F3EDFCE2048F290623A63C51D5867F7C9E32367E7CC0099D7D49AE35049C98'),
(48, 10, 1, '4C6D8773C6AEA954F93FF5B4BA1B4D13C9C2A809A1FB7DE883BC7D847CF45CB0395C240D913025A4E9AB7F7A9606A6582F3131DFA68EBEAE2EC854C4CFA743C62EE402AD2036344A483EF1727221DBA8428D0BBC3B89D89CC94097A7576B26D40F1F20D71162850A7F0A7E4445ED845882F46897BD783D1E06D1476455E5F78'),
(49, 10, 2, 'E7B5CEE5D28C865986D8BD7FCBFC43B6C583AFDDDEB6D98EC1FF7BAD6930680CF9A64CBE79FE803E238B874FAA7B912A5AF9C7D5435BA96421CE550CDD56F9C8F5D20556CC506B72516EAA717EB80B854223F643D57D60D5CF78EBB9620BCF2384D2C6BB1B937088CA112B02EF3780A10D126064C5D8A4E6CA89B6225CE7700'),
(50, 10, 3, '25CCB42022E8FBFD32D24293CC465CE4EE254DB9C6D4AE6E2029B4C800E513E88F088A364985DB1764FAA351522C8B6C6B2EA35AAFE51C0CDDBA4A0AB9CA390ACC82A79B2C15E7D761EDD93B6CC9C5AEEA565155454ED5FA831187F39B21DB4DDE5FA6F71EA0E64526DFA83942210EA84D046FC39DDC76625777AC523CD6F35'),
(51, 10, 4, '83CC34F49808E45DA20D5A96AFAC48EE17DFE8857A498928B6D640C2DBFE789BEE07485C98C4843AE260C86B79349513946DE314EEAA0FF1E3D1359DD9290826529FFB8D30421A71AB2AF05D2E0C5766F8A9941ECA87312E4D3BF5D97C1A0646AF4BA7AC30384398E0AEDC6E4AA1EB5FED31D8B631033579BF2D584CFB55AD6'),
(52, 10, 5, 'FADB7B6BEDF97F88DC559C4A3EE781D2FA253F647FDDA423B3678F372FD8341FDECF269D5FAAEC2761F491C19C2F1DA2339F9539D1DD6D4A468D5D1C368A80A1A119E5E5EDDEE486CD13874519CF31921E36218084B3E757A21BB0C762FE21FC576652720622371E2D9F0D50CBA790BB43537825042883663ECA8414D4A10CB'),
(53, 10, 6, 'FE81F5B545D1B482ECCE11023A0F6BB56E76CA60B9266BC9FAE7421914940DCAA365B4D4E64B58E15FA0F10FAFDF4EF1E1AA438EB7073A7D535D542131A5357DB12C5DA43A66DA02DF735E10B7B6B6E91020DD24A39019FE73DD0827E7879E75E8C33230587E24CBC5614CC29AF3DDE4E99FBCA4A93009C86FFC6E8D9EF52C3'),
(54, 11, 0, '28C601DBCDEA7544D4C1B84064FC78081B032F84E1519F02BC19356287307ABB3F523B3202537F28E8D1F355C6E48227BE749BB5745B9445B2C78D75463FEC5688F5D77521B8204DD28EC8F8FEE80015D4C9FDC9DFCD12F824464083F8544EB256309E23E5C3131BC01C419E6368B0B5A46732DBB789FF4B51129377E570EC2'),
(55, 11, 1, '1069DC9C0516ADCC44CFC7392C3D50C0551D91B1D60243D70CE4B7B560C1E6A8FEE32BAC212325EC1D77719BC556754E2FA0E65DE76C27914EFEB8796A7542EE0806E766A67BAB8C53E85DC027A355EAFC73F5B3914358A6D18FA9A3D3411F67A3EA182660C1139A64AEA149D32666E5C1B3BF6F4E90D31E3A23739139644BC'),
(56, 11, 2, '27F41A80A12EE3F21E192336CC4B5D6567ACF714376EA5AEAD3F80A17FCC534F4201BB70DFE543C6F66933FC4EE48A199FEC2E76ED890AC282F11F66229112411F7DD37AD11B81C9A8774A4F3D9A7F7CCBC839363B812CCA218E310A9FB127BABF230CC945A8E34E26F33E4B1026BB19BDE6CB5CFC4F8C2C69ADD83AF25A796'),
(57, 11, 3, '561525ED3A77C288BABDCB178CBAC314E38906828D028C421ADF39BA94F262CA9CB396D73AC42338CECE91479A82A9EC7047353544CEC98A834C82A44DF46D4C0C218C5C100843B66F951CFFFC41807F4E85F366C35277AFED7F616A4D85FB60E8031C336DB835799B33703B8B6C943224BCC187662F110423FBCF3DDD4D642'),
(58, 11, 4, '56FF48B4A0976AF87AB55CA52FEA69AD87240B2FECBA9BA2BFA4CAF569A895461319425CB31AFF7253FF516D57F71B14B7EA9980B3207E49BFC9CB7E338456D9EDF9062727815FBA20A0425CA743E27006979EA250473115C38C5C81DF58F2DA608B522EC0B22B039F6655E7ADB38C461F3B5629F806B4DCF1F5094B7B4BD81'),
(59, 11, 5, 'E399CBD0860FFCE37E2D727F6C4641FB5220B67BCE205543AD891F6DEA16086D77721DC5BD302A4A99DC8781F14CF089C149D2AAE1E410BC1F929E71629AEC54DAE546238E0F84FE32B7EF8880FF9CEB18BD9DB9B7E275EAE99B01A5F5D0C02870FD207C7CC305BE9FBE594533D21CB91708824C00BC1A68FC0E1AB465FDB37'),
(60, 11, 6, '95280172849BDBBBD51807E3A4995BD64D1C5EC6CCC0A399CB611FB247212254220478F6FA3EDD8B366A78FCF956790B10EC53122C1FFECE644C0BD0F560F78F99BB830EA548507EB538302EDFF450AA003CC6986A5893EC4563D51E0410BC0DCC51AC452D2DFC22BCB531A619B610BF43A0615F326E6491EB75F4ABFD74080'),
(61, 12, 0, 'A8ABE59B94856F34D4B7667E4BD0C80CEFFCB6A025B64013B1A17D23044FA52E0F87A4FF8A02A00760CDEBCDF1989683EE6114313A9F370C37DBC485DF929879D4F503CC0C6FC505B3C81C26701D5B5F1B9B3FD21B0AA93A3FE219E462E8726A977003592BD382F8D5E0085B1C2D1EBCAE105D5E605CE199365876A7107F016'),
(62, 12, 1, '19ECFBEA5054592A8722E09DCF6F4F844A81648ACC6DC4EA1E5DDA489266A23595AD644968533CF253D07C949F90C99946777BB2F229C7E0CD291A53318066CE0062ED7C2F3BC70C0832EE0E3D02FF67C9FB31EB1CB5C4CAF92F847E942B1039B707167179CC82BC48F181691E01944EBA52B9804C9262DBF61C1EDAB8A7C28'),
(63, 12, 2, '49572F3D9489BB4FE1FFAF53AF65C5CC58FD53E7E999F2FA6E7A675B806FA6BFC74897CF61C93CE70B151DCC51D1F1557FD2E49432AB18E032F9CF0A2F9315FA7C05CCC24F099D3FAC9A817F38246D0E26BAD104BBC0DB16482EB8292C2C3748BD7D9C7A69802C09DFB514855C60BB8922E5AF96D53852F852AF7C11C489E1B'),
(64, 12, 3, 'AC05738424DBB576C1D9F221A1B401C2F4487BDB723AFE67706D43B6772A326E7B414F0C680F9E7F2DC3247499CBA34495F0EDA64148A816C802991BD16FFF50D6A753AD536521205F768E9EFB8ED8660AEBDC2A30703AFD53E556E3E981B645EEE08F8264BC2E1A9CBBF941A59F222DB90F23B536C323934F74F50BA96ADD1'),
(65, 12, 4, 'E7586475E5FE5C263F00B1AB3B558C001A7C12773BCBF42AD2E1BB95BA682A1523131F3C214919927DEBF3C06BB8CC0DB0B7C3415546B7D94B6CBD93A65135A84D55E35838448E391F6833CBA6D89D9A75E648A5F9A12E8851A314367B57E6D931EEDBC7C5985991BA3D5843DA3370F6259BEC759B173944591CA37DE79BD61'),
(66, 12, 5, '650F15BC0A92DBB3D3FE582E9EF16F80957D838AF5C6199B8A8CAA740659714C3365AA4477233186A0E61BDCC0E2F115AE75FD61D4819BDC56139BF085734A7F57204428EE032FBBB48C3824D72742D078CE703385726DFA14DF298AF7619BF7B3EF897369B2FC64918B06A2A72A6526C7D8CDF8BB2B74737561C3F73DFDD6F'),
(67, 12, 6, 'A9B851DB4A64F8C3DA5F8486478FDAB68717E88D941F281FD3C242F17CB51BCBF118C19484288F6F8C3B99BA7438158CB5077F72AEB9259E906D64D27DCCC6E957A735CCE5B9495E895D1A84494E8F034EED7103ED145CC031541E96B28CF72DF5D2BCE413F3B3F6C80259DDAC9C53E89E3732BE738C7BD18F5410645FB1CD2');

-- --------------------------------------------------------

--
-- Estructura de tabla para la tabla `keysbank_platforms_list`
--

CREATE TABLE `keysbank_platforms_list` (
  `id` int(11) NOT NULL,
  `idCategory` int(11) NOT NULL,
  `idSubcategory` int(11) NOT NULL,
  `name` varchar(30) COLLATE utf8_spanish_ci NOT NULL
) ENGINE=InnoDB DEFAULT CHARSET=utf8 COLLATE=utf8_spanish_ci;

--
-- Volcado de datos para la tabla `keysbank_platforms_list`
--

INSERT INTO `keysbank_platforms_list` (`id`, `idCategory`, `idSubcategory`, `name`) VALUES
(1, 1, 1, 'Blogger'),
(2, 1, 1, 'Medium'),
(3, 1, 1, 'Tumblr'),
(4, 1, 1, 'WordPress'),
(5, 1, 2, 'Flipboard'),
(6, 1, 2, 'Pinterest'),
(7, 1, 2, '500px'),
(8, 1, 3, 'Digg'),
(9, 1, 3, 'Quora'),
(10, 1, 3, 'Reddit'),
(11, 1, 3, '4chan'),
(12, 1, 4, 'Instagram'),
(13, 1, 4, 'Snapchat'),
(14, 1, 4, 'TikTok'),
(15, 1, 5, 'GitHub'),
(16, 1, 5, 'GitLab'),
(17, 1, 5, 'LinkedIn'),
(18, 1, 6, 'Facebook'),
(19, 1, 6, 'Twitter'),
(20, 2, 7, 'Moodle'),
(21, 2, 7, 'Platzi'),
(22, 2, 7, 'Udemy'),
(23, 2, 7, 'OpenWebinars'),
(24, 2, 8, 'Steam'),
(25, 2, 8, 'Origin'),
(26, 2, 8, 'GoG'),
(27, 2, 8, 'Epic Games'),
(28, 2, 8, 'PlayStation Network'),
(29, 2, 8, 'Xbox Live'),
(30, 2, 9, 'Netflix'),
(31, 2, 9, 'HBO'),
(32, 2, 9, 'Disney+'),
(33, 2, 9, 'Amazon Prime'),
(34, 2, 10, 'Twitch'),
(35, 2, 10, 'YouTube'),
(36, 3, 11, 'Other'),
(37, 3, 11, 'Wallapop'),
(38, 3, 12, 'Ebay'),
(39, 3, 12, 'Amazon'),
(40, 3, 12, 'Milanuncios'),
(41, 3, 12, 'Casa del libro'),
(42, 3, 12, 'Corte inglés'),
(43, 3, 12, 'Media Markt'),
(44, 3, 12, 'Mercadona'),
(45, 3, 12, 'Eroski'),
(46, 3, 12, 'Verkami'),
(47, 3, 12, 'Roll20'),
(48, 3, 12, 'Other'),
(49, 3, 12, 'Worten'),
(50, 3, 12, 'Decathlon'),
(51, 3, 12, 'Dia'),
(52, 3, 12, 'Zara'),
(53, 3, 12, 'Zalandro'),
(54, 3, 12, 'Ali Express'),
(55, 3, 12, 'Leroy Merlin'),
(56, 3, 12, 'PC Componentes'),
(57, 3, 12, 'Ikea'),
(58, 3, 12, 'Kiabi'),
(59, 3, 12, 'H&M'),
(60, 3, 12, 'C&A'),
(61, 3, 12, 'Springfield'),
(62, 3, 12, 'Zooplus'),
(63, 3, 12, 'Maisons du monde'),
(64, 4, 13, 'Bussiness'),
(65, 4, 13, 'Company'),
(66, 4, 13, 'Other'),
(67, 4, 14, 'Hotmail'),
(68, 4, 14, 'Gmail'),
(69, 4, 14, 'Yahoo'),
(70, 4, 14, 'GMX'),
(71, 4, 14, 'AOL'),
(72, 4, 14, 'Other'),
(73, 5, 15, 'Debian'),
(74, 5, 15, 'Red Hat'),
(75, 5, 15, 'CentOS'),
(76, 5, 15, 'Fedora'),
(77, 5, 15, 'Linux Mint'),
(78, 5, 15, 'Ubuntu'),
(79, 5, 15, 'Kubuntu'),
(80, 5, 15, 'Xubuntu'),
(81, 5, 15, 'Mandriva'),
(82, 5, 15, 'Arch Linux'),
(83, 5, 15, 'KDE Neon'),
(84, 5, 15, 'Free BSD'),
(85, 5, 15, 'Open SUSE'),
(86, 5, 16, 'MAC OS'),
(87, 5, 16, 'iOS'),
(88, 5, 17, 'Windows XP'),
(89, 5, 17, 'Windows Vista'),
(90, 5, 17, 'Windows 7'),
(91, 5, 17, 'Windows 8'),
(92, 5, 17, 'Windows 10'),
(93, 5, 17, 'Windows Server 2003-2019'),
(94, 5, 18, 'Android'),
(95, 5, 18, 'Solaris'),
(96, 5, 18, 'Other'),
(97, 6, 19, 'La Caixa'),
(98, 6, 19, 'BBVA'),
(99, 6, 19, 'Santander'),
(100, 6, 19, 'Bankia'),
(101, 6, 19, 'Caja Sur'),
(102, 6, 19, 'Banco Sabadell'),
(103, 6, 19, 'Bankinter'),
(104, 6, 19, 'ING'),
(105, 6, 19, 'OpenBank'),
(106, 6, 20, 'American Express'),
(107, 6, 20, 'MasterCard'),
(108, 6, 20, 'Visa'),
(109, 6, 21, 'PayPal'),
(110, 6, 21, 'Stripe'),
(111, 6, 21, 'WePay'),
(112, 5, 15, 'Kali Linux');

-- --------------------------------------------------------

--
-- Estructura de tabla para la tabla `keysbank_platform_categories`
--

CREATE TABLE `keysbank_platform_categories` (
  `id` int(11) NOT NULL,
  `category` varchar(30) COLLATE utf8_spanish_ci NOT NULL
) ENGINE=InnoDB DEFAULT CHARSET=utf8 COLLATE=utf8_spanish_ci;

--
-- Volcado de datos para la tabla `keysbank_platform_categories`
--

INSERT INTO `keysbank_platform_categories` (`id`, `category`) VALUES
(1, 'social_media'),
(2, 'digital_platforms'),
(3, 'webs/apps'),
(4, 'mails'),
(5, 'operating_systems'),
(6, 'payment_systems');

-- --------------------------------------------------------

--
-- Estructura de tabla para la tabla `keysbank_platform_subcategories`
--

CREATE TABLE `keysbank_platform_subcategories` (
  `id` int(11) NOT NULL,
  `idCategory` int(11) NOT NULL,
  `subcategory` varchar(30) COLLATE utf8_spanish_ci NOT NULL
) ENGINE=InnoDB DEFAULT CHARSET=utf8 COLLATE=utf8_spanish_ci;

--
-- Volcado de datos para la tabla `keysbank_platform_subcategories`
--

INSERT INTO `keysbank_platform_subcategories` (`id`, `idCategory`, `subcategory`) VALUES
(1, 1, 'Blogs'),
(2, 1, 'Content organizer'),
(3, 1, 'Forums'),
(4, 1, 'Multimedia content'),
(5, 1, 'Professionals'),
(6, 1, 'Social media'),
(7, 2, 'Academic'),
(8, 2, 'Games'),
(9, 2, 'Series/films'),
(10, 2, 'Streaming/videos'),
(11, 3, 'Apps'),
(12, 3, 'Webs'),
(13, 4, 'Privates'),
(14, 4, 'Publics'),
(15, 5, 'GNU/Linux'),
(16, 5, 'MAC OS'),
(17, 5, 'Microsoft Windows'),
(18, 5, 'Others'),
(19, 6, 'Bank accounts'),
(20, 6, 'Credit cards'),
(21, 6, 'Digital payments');

-- --------------------------------------------------------

--
-- Estructura de tabla para la tabla `keysbank_users`
--

CREATE TABLE `keysbank_users` (
  `id` int(11) NOT NULL,
  `nick` varchar(16) COLLATE utf8_spanish_ci NOT NULL,
  `pass` varchar(255) COLLATE utf8_spanish_ci NOT NULL,
  `name` varchar(255) COLLATE utf8_spanish_ci DEFAULT NULL,
  `surname` varchar(255) COLLATE utf8_spanish_ci DEFAULT NULL,
  `email` varchar(255) COLLATE utf8_spanish_ci NOT NULL,
  `perfil` enum('USER','ADMIN') COLLATE utf8_spanish_ci NOT NULL,
  `current_state` enum('PENDING','ACTIVE','BANNED') COLLATE utf8_spanish_ci NOT NULL,
  `days_old_password` int(11) NOT NULL DEFAULT 90
) ENGINE=InnoDB DEFAULT CHARSET=utf8 COLLATE=utf8_spanish_ci;

--
-- Volcado de datos para la tabla `keysbank_users`
--

INSERT INTO `keysbank_users` (`id`, `nick`, `pass`, `name`, `surname`, `email`, `perfil`, `current_state`, `days_old_password`) VALUES
(1, 'admin', 'C66DA34A548C7AD4130B5AFA6287F7B5', NULL, NULL, '', 'ADMIN', 'ACTIVE', 90),
(7, 'user1', 'C0E9209C41DC09EB94293ED733731744', 'C0E9209C41DC09EB94293ED733731744', '2FD20A08A10EFE74080AE570EF5E5B92', 'user1@hotmail.com', 'USER', 'ACTIVE', 90),
(8, 'user2', 'F1F9B0255DADA54F724C28DDA6F0D870', 'F1F9B0255DADA54F724C28DDA6F0D870', '3A6EB00672FF2123E72A3DAF68E47EE0', 'user2@hotmail.com', 'USER', 'ACTIVE', 90),
(9, 'user3', '23E1AEECD69752BBBB83027E3BD3B9BD', '23E1AEECD69752BBBB83027E3BD3B9BD', '7303473DED419332DA34FF4D058B1B0E', 'user3@hotmail.com', 'USER', 'BANNED', 90),
(10, 'user4', 'F180DC87E0BE05A17AAF0F852FD68250', 'F180DC87E0BE05A17AAF0F852FD68250', '0AE4065E343CA1BC4E6CE12703FC4B45', 'user4@hotmail.com', 'USER', 'PENDING', 90),
(11, 'user5', '07C4AFB9673BA2F374A75F10CA9F529C', '07C4AFB9673BA2F374A75F10CA9F529C', '5DFB23F28DC3D3F5883A8629E268B3E5', 'user5@hotmail.com', 'USER', 'PENDING', 90),
(12, 'user100', '4D86797F0C292DEABFD2442F223BB421', NULL, NULL, 'user100@hotmail.com', 'USER', 'PENDING', 90);

--
-- Índices para tablas volcadas
--

--
-- Indices de la tabla `keysbank_accounts`
--
ALTER TABLE `keysbank_accounts`
  ADD PRIMARY KEY (`id`);

--
-- Indices de la tabla `keysbank_keys`
--
ALTER TABLE `keysbank_keys`
  ADD PRIMARY KEY (`id`);

--
-- Indices de la tabla `keysbank_platforms_list`
--
ALTER TABLE `keysbank_platforms_list`
  ADD PRIMARY KEY (`id`);

--
-- Indices de la tabla `keysbank_platform_categories`
--
ALTER TABLE `keysbank_platform_categories`
  ADD PRIMARY KEY (`id`);

--
-- Indices de la tabla `keysbank_platform_subcategories`
--
ALTER TABLE `keysbank_platform_subcategories`
  ADD PRIMARY KEY (`id`);

--
-- Indices de la tabla `keysbank_users`
--
ALTER TABLE `keysbank_users`
  ADD PRIMARY KEY (`id`);

--
-- AUTO_INCREMENT de las tablas volcadas
--

--
-- AUTO_INCREMENT de la tabla `keysbank_accounts`
--
ALTER TABLE `keysbank_accounts`
  MODIFY `id` int(11) NOT NULL AUTO_INCREMENT, AUTO_INCREMENT=72;

--
-- AUTO_INCREMENT de la tabla `keysbank_keys`
--
ALTER TABLE `keysbank_keys`
  MODIFY `id` int(11) NOT NULL AUTO_INCREMENT, AUTO_INCREMENT=68;

--
-- AUTO_INCREMENT de la tabla `keysbank_platforms_list`
--
ALTER TABLE `keysbank_platforms_list`
  MODIFY `id` int(11) NOT NULL AUTO_INCREMENT, AUTO_INCREMENT=113;

--
-- AUTO_INCREMENT de la tabla `keysbank_platform_categories`
--
ALTER TABLE `keysbank_platform_categories`
  MODIFY `id` int(11) NOT NULL AUTO_INCREMENT, AUTO_INCREMENT=7;

--
-- AUTO_INCREMENT de la tabla `keysbank_platform_subcategories`
--
ALTER TABLE `keysbank_platform_subcategories`
  MODIFY `id` int(11) NOT NULL AUTO_INCREMENT, AUTO_INCREMENT=22;

--
-- AUTO_INCREMENT de la tabla `keysbank_users`
--
ALTER TABLE `keysbank_users`
  MODIFY `id` int(11) NOT NULL AUTO_INCREMENT, AUTO_INCREMENT=13;
COMMIT;

/*!40101 SET CHARACTER_SET_CLIENT=@OLD_CHARACTER_SET_CLIENT */;
/*!40101 SET CHARACTER_SET_RESULTS=@OLD_CHARACTER_SET_RESULTS */;
/*!40101 SET COLLATION_CONNECTION=@OLD_COLLATION_CONNECTION */;
